"","species","tmin","prcp","swe","enso","nao","total_exp","rel_var","mean_arr_true","Group"
"1","Acadian Flycatcher",0.0273987553989309,0.015103445127689,0.00304998834863587,0.0403812174314385,0.0639714741488845,0.15723693668435,8.60344536367561,125.637746430123,"Tyrant Flycatchers: Pewees, Kingbirds, and Allies"
"2","Alder Flycatcher",0.169789005440925,0.00642093391175973,0.0956144118550641,0.0838971357844286,0.0290141747188895,0.418749905477453,4.13050727454275,146.78320901142,"Tyrant Flycatchers: Pewees, Kingbirds, and Allies"
"3","American Avocet",0.0511118818428402,0.00663722462750541,0.0112373047289796,0.00791118638437898,0.00943325164804263,0.0806109261638217,7.50899841216876,99.9395437955014,"Shorebirds"
"4","American Bittern",0.0485787797307795,0.029176198508361,0.212568759156121,0.00763458559152202,0.0137776865259611,0.348847179465216,9.4892880727218,118.087191461864,"Herons, Ibis, and Allies"
"5","American Coot",0.234370784080677,0.0043933220762961,0.0346158493221891,0.00458590963295593,0.00539774429704854,0.320381872322815,19.1156215362085,101.368571515626,"Rails, Gallinules, and Allies"
"6","American Crow",0.301368012119526,0.0044460876190805,0.0511417689021844,0.00658824308814347,0.00705216108005334,0.420061514378775,21.323110197894,83.4440941216764,"Jays, Magpies, Crows, and Ravens"
"7","American Kestrel",0.23067806920397,0.00790379405157149,0.0131149784524489,0.0155335558832003,0.00845763168150382,0.259673952626367,14.885714910332,97.4796912751624,"Falcons and Caracaras"
"8","American Pipit",0.152569836279264,0.0148383900963663,0.0921095551326858,0.0141635559284324,0.0163899964595887,0.306804059351955,7.5532809575434,113.672776813221,"Wagtails and Pipits"
"9","American Redstart",0.198716017871084,0.00602080897765257,0.00606659710132048,0.0461298140545211,0.0137000568369051,0.285531138663038,4.18323314751726,129.244485807017,"Wood-Warblers"
"10","American Robin",0.165712443231774,0.0038822022377161,0.0493135300460372,0.00676972299944795,0.00252756415674888,0.297795073369211,39.6119699685567,103.066173628974,"Thrushes"
"11","American White Pelican",0.127658434433279,0.00814262580793288,0.0106766697678002,0.006205240754532,0.00745712319654765,0.152071133421627,14.0089052327425,98.3125120096564,"Pelicans"
"12","American Wigeon",0.211719824338383,0.00826969226062731,0.0890654999802547,0.00235283778727669,0.00542617150680282,0.400070202092974,25.0406242169611,97.6201550890386,"Waterfowl"
"13","American Woodcock",0.586798193854334,0.00695378735300674,0.132847061616667,0.00398290952809994,0.0107729493765755,0.809237954326861,22.0837730425182,77.5138957542576,"Shorebirds"
"14","Ash-throated Flycatcher",0.017138623104076,0.00805239222956017,0.00755758152781623,0.0131029787057615,0.0164517813043014,0.0646337936485586,11.5477764682867,108.588570224075,"Tyrant Flycatchers: Pewees, Kingbirds, and Allies"
"15","Baltimore Oriole",0.131691723573766,0.00720314579592202,0.0209656300426535,0.0376691643520517,0.0135547031677172,0.227454705834181,2.67558659825727,124.952382382864,"Blackbirds"
"16","Bank Swallow",0.0216129985748957,0.0162335398934864,0.0192587231875232,0.00707004231955516,0.013820974898389,0.0762790145407672,6.01749856870989,122.729073140999,"Martins and Swallows"
"17","Barn Swallow",0.00969026285128919,0.0149892476476961,0.00930549915258544,0.0789835539773937,0.0130458508866688,0.120823768279677,7.89566107978323,107.496067628782,"Martins and Swallows"
"18","Bay-breasted Warbler",0.342523792184595,0.0158640949216491,0.0539976631696958,0.0570018098320407,0.01508793376785,0.537780997782691,8.24913556955132,136.358506172494,"Wood-Warblers"
"19","Bell's Vireo",0.0765739870281687,0.00875418489723554,0.0115290028306127,0.0222143920507292,0.0369285218199392,0.172603633773971,12.3736755311241,111.369949692094,"Vireos"
"20","Black Tern",0.0214785849590701,0.016387845326033,0.016542050773729,0.0238767385224312,0.0137113169297637,0.0843626001397216,6.04483987604314,131.491308847729,"Gulls, Terns, and Skimmers"
"21","Black-and-white Warbler",0.184932910457177,0.0125334328873415,0.00836487927358469,0.10416134033355,0.010786140490472,0.335204748241606,4.37912897224384,116.185973866065,"Wood-Warblers"
"22","Black-chinned Hummingbird",0.0133993593419609,0.00756617280903793,0.017545129249778,0.0106015276984074,0.0169733711330565,0.0709267117891275,8.06660957353932,102.09146280312,"Hummingbirds"
"23","Black-crowned Night-Heron",0.229678095607151,0.00758440740247517,0.101874969567469,0.0177663051740035,0.0127930285983861,0.388154846169461,11.0330691783046,113.888147121848,"Herons, Ibis, and Allies"
"24","Black-headed Grosbeak",0.0297512152448996,0.00716756527841265,0.00777642772234808,0.0224976784023162,0.107619811806024,0.213318250258215,4.57739747129664,123.099675796126,"Cardinals, Grosbeaks, and Allies"
"25","Black-necked Stilt",0.0949486333611559,0.009257034665228,0.00771630831544667,0.00874781073772521,0.00695167773865206,0.106604545264812,13.9871123701582,96.390061155861,"Shorebirds"
"26","Black-throated Blue Warbler",0.35864928756961,0.0143306167017446,0.0119071335851303,0.0438552506085778,0.0192517559288759,0.465582511635976,3.89192411128194,125.682608903691,"Wood-Warblers"
"27","Black-throated Gray Warbler",0.0446501078530646,0.0271220345974583,0.122229337664203,0.0502147216355292,0.0222739879200703,0.326223681658522,4.89793659464406,108.56967133813,"Wood-Warblers"
"28","Black-throated Green Warbler",0.324580349047325,0.0109271297183506,0.0165175565945802,0.0328579948627161,0.0123555668128969,0.426232970464469,4.62902000529326,121.541150538285,"Wood-Warblers"
"29","Blackburnian Warbler",0.325966129290147,0.0174683305616405,0.0110930259984568,0.0283630098004858,0.00957077779867918,0.40073475686789,6.38656850359329,128.89138302706,"Wood-Warblers"
"30","Blackpoll Warbler",0.235887687259408,0.0231467450527372,0.0474796334016609,0.0101751272291417,0.0176631056974538,0.368125295040072,5.65334683688544,137.683478170125,"Wood-Warblers"
"31","Blue Grosbeak",0.0243365668698684,0.022013911128284,0.00173525322984962,0.0073356922797699,0.0234599484945711,0.077617825271635,6.44540210492143,114.264434984321,"Cardinals, Grosbeaks, and Allies"
"32","Blue-gray Gnatcatcher",0.215746779541741,0.00430380115072544,0.0050397786655688,0.01699798853927,0.00695996746637793,0.247956099624587,6.91486775984593,105.245824627629,"Gnatcatchers"
"33","Blue-headed Vireo",0.341799942935864,0.0340488923170081,0.0463242120551883,0.00408675998857329,0.0213802845144192,0.456612086191623,5.71684739643444,118.416172395609,"Vireos"
"34","Blue-winged Teal",0.0888770820244511,0.00590327292570352,0.12298709868432,0.00379167502525604,0.00470856267251799,0.281626009602597,11.8019075219678,101.845264094102,"Waterfowl"
"35","Blue-winged Warbler",0.443428523680172,0.0103094610826243,0.0498911561324334,0.00624664232607587,0.0430648653425036,0.564794047884607,6.19233505801449,118.228295789037,"Wood-Warblers"
"36","Bobolink",0.110859213198383,0.0192095277542451,0.0150678801067004,0.0520801707647716,0.0374009118508043,0.260729261973724,4.26735264591103,134.217043793788,"Blackbirds"
"37","Bonaparte's Gull",0.385532600875632,0.017851642614064,0.0190988052922833,0.00646136483678976,0.010472289072485,0.442094698283453,8.56327371004624,107.868314713831,"Gulls, Terns, and Skimmers"
"38","Brewer's Blackbird",0.14297450585937,0.0146808706032364,0.0314790799799387,0.0159099946519191,0.0343008256602967,0.288623769970789,8.48507549153603,121.516010461767,"Blackbirds"
"39","Brewer's Sparrow",0.033561770491954,0.00268774612117264,0.0376051398839017,0.00692972450708459,0.00798826041536916,0.118475271142486,33.0365172483275,114.971033028785,"New World Sparrows"
"40","Broad-tailed Hummingbird",0.0978820381207654,0.00378187364666543,0.00955296972014817,0.0208893974856179,0.0250181702389688,0.187754933086903,18.8272630662397,113.187295769988,"Hummingbirds"
"41","Broad-winged Hawk",0.421846726323535,0.0485895374180327,0.0345794455156951,0.0626563685387371,0.0361661483286085,0.575167465676518,1.67735175147119,102.714222436795,"Vultures, Hawks, and Allies"
"42","Brown Thrasher",0.337079868044989,0.00645866609476597,0.0552920561672723,0.00712716840700295,0.0213202277330075,0.437661631344169,6.17852390517131,113.516254977703,"Catbirds, Mockingbirds, and Thrashers"
"43","Brown-headed Cowbird",0.158579192904553,0.0103669031796853,0.0600625874041954,0.00484416082724315,0.00866559857805136,0.269555161508204,7.21794348137223,117.850919304837,"Blackbirds"
"44","Bufflehead",0.212732860537152,0.0102094274302338,0.136894518261609,0.00297775171955159,0.00330354336590938,0.475733202358655,26.1074542241783,103.774848447291,"Waterfowl"
"45","Bullock's Oriole",0.0199160717565907,0.0174604522923805,0.0147355660094228,0.0188004280282852,0.0535006755822903,0.146102676945091,5.3078442717708,119.554992170555,"Blackbirds"
"46","California Gull",0.358369791515463,0.0120230865583293,0.0190799457862756,0.00818098499825827,0.00912656478449106,0.402132795152588,10.3839611165433,78.7127834631859,"Gulls, Terns, and Skimmers"
"47","Calliope Hummingbird",0.162797308311585,0.0193998521462759,0.03397019026618,0.0317985811239164,0.015273510146711,0.303699973018728,8.03677472109565,120.181691649737,"Hummingbirds"
"48","Canada Goose",0.355453334919814,0.00409321510877936,0.0330573130596569,0.00219630259634681,0.00519434701565262,0.464706503608916,31.8748802879951,90.0989156885721,"Waterfowl"
"49","Canada Warbler",0.335568097809568,0.00957942138777258,0.0503603490861483,0.0346661170821377,0.0134886999898589,0.491406536593572,4.54245805522477,135.58960301379,"Wood-Warblers"
"50","Canvasback",0.217285925153675,0.00255844548090805,0.214763375736877,0.0062795103441145,0.00287281028611878,0.561074504866104,31.4979165660175,93.8726017069491,"Waterfowl"
"51","Cape May Warbler",0.267493270159349,0.0163494981971846,0.0659178700179475,0.0347463177799887,0.0119209233900624,0.434734296739423,9.17516873115833,132.234580302145,"Wood-Warblers"
"52","Caspian Tern",0.0251587314975923,0.00682517155366375,0.0117336005577235,0.0461659845112588,0.00933322798513522,0.105817052992569,7.15633173770977,104.725189515282,"Gulls, Terns, and Skimmers"
"53","Cassin's Vireo",0.0245222102977645,0.00894392318709399,0.0152045383465094,0.0123618189879513,0.0205131161837881,0.0749474728807833,10.5532948271753,111.080036599443,"Vireos"
"54","Cattle Egret",0.0569276601852195,0.0148379176769841,0.00442042319743286,0.0305244525044743,0.0205874984551531,0.126312203092485,8.0505541999594,103.639968719349,"Herons, Ibis, and Allies"
"55","Cerulean Warbler",0.101703636764812,0.0348235555179962,0.0638903620879125,0.0393422749240927,0.049806716698956,0.271514753256835,3.07616296184184,115.67528652996,"Wood-Warblers"
"56","Chestnut-sided Warbler",0.269652584749208,0.0141650382853395,0.0178106835304761,0.0388686468227235,0.0174264355370789,0.368181406344181,6.02595049145715,130.238667098951,"Wood-Warblers"
"57","Chipping Sparrow",0.190629081602371,0.0061767231041295,0.0966968966024971,0.00324439325854728,0.0387934549201383,0.400936912477203,6.71135187915604,116.071390247169,"New World Sparrows"
"58","Cinnamon Teal",0.0296386894077473,0.00782988175170376,0.0823849282415115,0.0278733423297307,0.0127703217541878,0.197253776148461,9.33799900958521,97.7491291432755,"Waterfowl"
"59","Clark's Grebe",0.111844881446175,0.0148820137667538,0.0459810357310323,0.0165601311975942,0.0190912319140433,0.21415427357638,9.1474483767141,89.8510493163789,"Grebes"
"60","Clay-colored Sparrow",0.100055981476002,0.0131719606010109,0.0686876402116294,0.0119327961424739,0.078718829298676,0.285402316177285,2.51599986756998,129.091285065796,"New World Sparrows"
"61","Cliff Swallow",0.0153866911759223,0.00849890415443126,0.00490501202243652,0.00251453607639983,0.0072443147709113,0.0392945372214121,10.7608422825941,111.056894115607,"Martins and Swallows"
"62","Common Goldeneye",0.286283975386864,0.00608610026316431,0.120505195394662,0.00577650520042978,0.0039115726062328,0.509437491289591,21.4996594893303,98.9145201828834,"Waterfowl"
"63","Common Grackle",0.252804987692223,0.00467685239991767,0.089173385897816,0.00201680590946779,0.00376756022218017,0.429997892904201,32.6321345413479,94.8323619090997,"Blackbirds"
"64","Common Loon",0.0612412809187279,0.00440262951277134,0.0987064865361676,0.00518405555961704,0.00720594223262448,0.223465384053973,17.1793466029298,103.443604451835,"Loons"
"65","Common Merganser",0.346592999345915,0.00499235795807647,0.13198787771954,0.00610561788138666,0.00482962824253086,0.596861583929193,22.567143254856,95.4574140594148,"Waterfowl"
"66","Common Tern",0.102775420109752,0.00815748495682786,0.0124502727562333,0.0318566315794725,0.0406204993715594,0.23324630859262,8.21919709278697,125.365580801893,"Gulls, Terns, and Skimmers"
"67","Common Yellowthroat",0.205686293306781,0.00804377503111471,0.0138708112997478,0.0245699734115454,0.00864305057652584,0.272821211346366,4.23251171578034,126.555327292495,"Wood-Warblers"
"68","Dickcissel",0.0384891185738411,0.0104719802897188,5.984290426644e-05,0.0445122825827148,0.0612957199051242,0.170985279192372,7.28480155266153,126.084465342342,"Cardinals, Grosbeaks, and Allies"
"69","Double-crested Cormorant",0.246803474841177,0.00747994878732793,0.0828087386934683,0.00611196048249543,0.0143999217452916,0.427552944960988,8.66600937646826,99.2514801851006,"Cormorants and Anhingas"
"70","Eared Grebe",0.00915799960020344,0.00317772850536205,0.0169928414917514,0.0464368399377768,0.00434184809125188,0.0820172665461256,21.8378587135024,104.520285087611,"Grebes"
"71","Eastern Kingbird",0.164561464527678,0.0117645953172425,0.00709660697340099,0.0263128947276109,0.00784613792260745,0.227094465276361,5.18965159439495,122.471995162459,"Tyrant Flycatchers: Pewees, Kingbirds, and Allies"
"72","Eastern Meadowlark",0.322724214869556,0.00269872046620641,0.0329566364245412,0.00379037763306174,0.0108218881285876,0.415168546869204,32.0593422956672,87.8547073766474,"Blackbirds"
"73","Eastern Phoebe",0.359502263673188,0.00926047798014268,0.0344080522241217,0.0178612779599109,0.0181601049883866,0.488568242896667,19.3125775321374,93.4810685177129,"Tyrant Flycatchers: Pewees, Kingbirds, and Allies"
"74","Eastern Towhee",0.154163960724721,0.00665351807554414,0.0594272207425513,0.00691111309903106,0.0134752761669487,0.247079685435204,14.6522474935541,111.25817667744,"New World Sparrows"
"75","Eastern Wood-Pewee",0.145186059938035,0.029672438922674,0.0187866305032749,0.012206851728865,0.00863661015886042,0.239147696431853,4.6155813612821,129.886246839555,"Tyrant Flycatchers: Pewees, Kingbirds, and Allies"
"76","Field Sparrow",0.466009412553412,0.00523731582166447,0.0838047686231833,0.0116814871701225,0.00770760468733957,0.614549049634391,14.7980109502271,107.338816921117,"New World Sparrows"
"77","Forster's Tern",0.0271931427861587,0.0171908327216041,0.0500460265038068,0.0621140085208464,0.0108991384908572,0.15800349188574,7.07928856045517,113.415569879369,"Gulls, Terns, and Skimmers"
"78","Fox Sparrow",0.0676383197268014,0.00611124555472552,0.0442588386230399,0.01464531648222,0.00445100570136231,0.168903694224622,19.9626516419716,109.903402164488,"New World Sparrows"
"79","Franklin's Gull",0.168882385188643,0.0171695491217477,0.0182338431254622,0.00484903872355294,0.00895621460833937,0.245108477877979,12.3880156627048,101.979653003435,"Gulls, Terns, and Skimmers"
"80","Gadwall",0.0782158378783583,0.00188292391062373,0.13430766297067,0.00396365717801163,0.00161055134349264,0.29818068692599,58.0096015909655,104.767869042925,"Waterfowl"
"81","Golden-winged Warbler",0.286775224608867,0.0111596785431625,0.0733656022928113,0.0303620280514065,0.00941435662935102,0.45729781337787,8.93484708888506,130.092910089321,"Wood-Warblers"
"82","Grasshopper Sparrow",0.038421578775554,0.00589096007079026,0.00127179735232771,0.0059205419006767,0.0109460490644652,0.0666100417087651,18.757546072931,124.267943118516,"New World Sparrows"
"83","Gray Catbird",0.118019482835029,0.0419681306305213,0.0222340363726741,0.167465915663728,0.0203352551249729,0.368672231605171,3.47106653267578,129.248244656888,"Catbirds, Mockingbirds, and Thrashers"
"84","Gray Flycatcher",0.0403742586111912,0.00942670543035806,0.0291419414380742,0.0208098753194927,0.022084529619581,0.142069024153831,11.2479854716989,107.175335551785,"Tyrant Flycatchers: Pewees, Kingbirds, and Allies"
"85","Great Blue Heron",0.028335339090029,0.00538543055849594,0.0391162562985138,0.00628225501974173,0.0101792234991993,0.0719187850908709,13.2768350771124,97.1385158651898,"Herons, Ibis, and Allies"
"86","Great Crested Flycatcher",0.122534693982054,0.00290097617934423,0.011437742169706,0.134619832841925,0.0189539641384868,0.304590179074801,7.26955484308049,119.630087062777,"Tyrant Flycatchers: Pewees, Kingbirds, and Allies"
"87","Great Egret",0.014654938478033,0.00884041133892049,0.0135799243204052,0.0355308058487642,0.011122704100516,0.0804347753663158,13.7955171635959,100.014914104094,"Herons, Ibis, and Allies"
"88","Greater Scaup",0.117859895666087,0.00633831243408489,0.21786128846058,0.00939696025188669,0.0150549392435046,0.419035692466574,11.5873117690683,106.629526677398,"Waterfowl"
"89","Greater White-fronted Goose",0.123278180271854,0.00307566189957986,0.0756899097875876,0.00460306218264631,0.00513619719516265,0.268843278177691,22.5754376008175,97.3562058170924,"Waterfowl"
"90","Greater Yellowlegs",0.222043599974917,0.0110257805532527,0.01104225885105,0.00451280859064253,0.00673841393869217,0.262973276069498,8.65109343846247,102.147974174551,"Shorebirds"
"91","Green Heron",0.0495978559912312,0.00996545160094536,0.0101110502438462,0.0362946712743382,0.0113599104510803,0.124274465615724,6.71868936889171,115.300380849266,"Herons, Ibis, and Allies"
"92","Green-tailed Towhee",0.0436616718015647,0.00695322080799176,0.0200681295544308,0.00824545855670297,0.00971530688173312,0.106963751904811,15.5942541175074,119.537372931825,"New World Sparrows"
"93","Green-winged Teal",0.288007022955718,0.00424592113859279,0.101774056257239,0.0048039368380628,0.006657740893133,0.503005156119625,21.5256097598485,98.8477550710445,"Waterfowl"
"94","Hammond's Flycatcher",0.11916313193141,0.0114318777473942,0.0170892331628339,0.0103015589061803,0.00958524518705624,0.20095200430406,11.4081382805869,120.569611357059,"Tyrant Flycatchers: Pewees, Kingbirds, and Allies"
"95","Hermit Thrush",0.112886719241716,0.00634380455493383,0.0514103972127708,0.0116128813058878,0.0095540673631095,0.229022701494402,15.6176823939762,117.413365558048,"Thrushes"
"96","Hermit Warbler",0.128351884285223,0.00857089605913356,0.0440829856964673,0.0177688733940085,0.0144288582632978,0.223601264656958,9.48500778538949,118.551431753599,"Wood-Warblers"
"97","Herring Gull",0.421226903595689,0.00936245183924207,0.0913746786476126,0.0136293529682658,0.00845636111504215,0.647341554087882,13.0825990445536,89.7701921603494,"Gulls, Terns, and Skimmers"
"98","Hooded Merganser",0.282281290864526,0.00296104580996397,0.0607438975690344,0.0154824615318303,0.00322536945463663,0.449818072333867,30.4716039565263,87.8888701226289,"Waterfowl"
"99","Hooded Oriole",0.0852244344676346,0.00376596376883479,0.00867781330020109,0.0367649856279512,0.00870017022147239,0.15584854382458,18.7698766124202,91.8616302785877,"Blackbirds"
"100","Hooded Warbler",0.0256918145858942,0.0081265674167191,0.00552589555728303,0.0464058609949167,0.0120382294659342,0.0969752259529477,6.70737001603419,104.056356446644,"Wood-Warblers"
"101","Horned Grebe",0.238631483986758,0.0130244475878983,0.214566141794433,0.0125686459111147,0.00824910868321303,0.587195708594402,10.4681608611921,109.6019521704,"Grebes"
"102","House Wren",0.144526235357286,0.0101000739741744,0.0208585493177521,0.00333074021505342,0.0343727370143184,0.237684204841462,8.77723577087935,122.281577166199,"Wrens"
"103","Indigo Bunting",0.0667776096529001,0.0138153947983559,0.005874722939324,0.0108123121615599,0.0214135575542794,0.126623660068517,4.89868687476779,121.078130448643,"Cardinals, Grosbeaks, and Allies"
"104","Kentucky Warbler",0.0297350241798435,0.0166257561968746,0.00371197180734658,0.0258594057195695,0.115916949868546,0.1820089880253,6.05419446532856,111.313931744283,"Wood-Warblers"
"105","Killdeer",0.399115874591887,0.00325540664840442,0.00676453485549784,0.00588263050511922,0.00570978806213399,0.436493646464988,25.1243231378614,85.5543493455903,"Shorebirds"
"106","Lark Sparrow",0.0232242085383409,0.00858455045931268,0.0235650515223066,0.00821934086831257,0.015871123388891,0.0745192601772511,5.18950057650687,115.715883366548,"New World Sparrows"
"107","Lazuli Bunting",0.0750720368031512,0.0159507591659845,0.00898777195241493,0.0060254105821224,0.0219003318799752,0.151778522434331,7.47116902784497,121.040407782854,"Cardinals, Grosbeaks, and Allies"
"108","Least Flycatcher",0.175823611692585,0.00782366771065591,0.0086614270183224,0.115787058651922,0.0348270216536478,0.348880248110139,4.61102418635779,131.772700834564,"Tyrant Flycatchers: Pewees, Kingbirds, and Allies"
"109","Least Sandpiper",0.0484491101078607,0.0115576483332928,0.0404249966635753,0.0180337694355656,0.0163379894299011,0.142278669769443,3.82551853986566,121.62676660822,"Shorebirds"
"110","Lesser Yellowlegs",0.0703284789226707,0.0178755119112464,0.0367159351141741,0.00542256669813477,0.0175485986619818,0.158753902052887,9.54155696894336,105.99977359408,"Shorebirds"
"111","Lincoln's Sparrow",0.039858733151099,0.00753439048598091,0.0817137980352125,0.00717906756401901,0.00960711657268535,0.158086858533299,7.74663565660713,122.278293346553,"New World Sparrows"
"112","Long-billed Curlew",0.176345139564465,0.0139280500068492,0.0308258839404014,0.0194324543984834,0.0172722223142694,0.250021988034478,4.81416292214908,94.24002223617,"Shorebirds"
"113","Louisiana Waterthrush",0.310408747203592,0.0122119596003942,0.0332745650782003,0.00752211080922838,0.068911643108891,0.433899782106708,6.11836607576788,90.8447142234364,"Wood-Warblers"
"114","Lucy's Warbler",0.267078221693191,0.0138908958819586,0.0259895908197344,0.0411329984118872,0.0154325118463128,0.391696216684801,7.36809786654186,83.7718884912317,"Wood-Warblers"
"115","MacGillivray's Warbler",0.138158288354843,0.0104828353099548,0.0499686019623312,0.036331972428776,0.0266929760213858,0.344537654604384,6.86174977217069,125.338256401085,"Wood-Warblers"
"116","Magnolia Warbler",0.214245767662106,0.0193184986494446,0.00988734429935277,0.0977671408968037,0.0160113903891893,0.365303042040174,5.36661538549892,132.562807678477,"Wood-Warblers"
"117","Mallard",0.470866045096737,0.00349432048605313,0.0801949907197203,0.00565125870128765,0.00353695035024459,0.645143595244542,33.5463905803228,100.191590432446,"Waterfowl"
"118","Marbled Godwit",0.0483462785298202,0.0192602128051283,0.104846956662806,0.017369272957778,0.011973105283958,0.190112744590561,7.19257230057131,110.745209597279,"Shorebirds"
"119","Marsh Wren",0.0372933465485823,0.00814785882608104,0.0504297109246544,0.011043527586589,0.00801002974005331,0.116079167896633,12.0104643102462,123.360748330363,"Wrens"
"120","Merlin",0.21721594797727,0.00696948002985208,0.0304594975213268,0.0154982216842364,0.0130683602053669,0.262690825035791,13.1986385312741,97.5804134909555,"Falcons and Caracaras"
"121","Mississippi Kite",0.0245955909148336,0.0346762482109816,0,0.0127129808956314,0.0193574725539086,0.0833474100581542,4.96360805036365,118.365140262009,"Vultures, Hawks, and Allies"
"122","Mountain Bluebird",0.347496460171776,0.0113317206287459,0.0218346902431931,0.0237072324984447,0.0088391310730495,0.437428914857568,10.6604010083868,78.4337229610564,"Thrushes"
"123","Mourning Dove",0.158678785610253,0.00976399107898854,0.186386606745313,0.0117275565392652,0.0133367226820022,0.426764110861179,9.15692744096733,113.077625668179,"Pigeons and Doves"
"124","Mourning Warbler",0.241863808381412,0.00980992618099788,0.0790329574294116,0.0365469794631675,0.0140221583595296,0.448218859846011,4.89567498644631,143.721761827405,"Wood-Warblers"
"125","Nashville Warbler",0.285848955851786,0.0271973422429075,0.0419861989512552,0.00361321347926261,0.0218105157684882,0.393146604665805,5.05803805924506,122.858844913093,"Wood-Warblers"
"126","Northern Flicker",0.217982075500335,0.00744439658769615,0.127970998976374,0.0079983716215597,0.00591029480943537,0.452189759734842,20.8341655238217,112.381145499595,"Woodpeckers"
"127","Northern Harrier",0.277759345686232,0.00414286343175679,0.107203559652922,0.0153764901237468,0.0043826021450601,0.519789625872681,22.7297826521746,93.8899603044062,"Vultures, Hawks, and Allies"
"128","Northern Parula",0.306662394532091,0.00763458023244402,0.00511374686523087,0.0297036679459365,0.00750431200503915,0.356959064356265,7.6312277004707,107.658628530535,"Wood-Warblers"
"129","Northern Pintail",0.322922333918506,0.00222722412568858,0.0342455666293048,0.00315601421411652,0.00263847842152217,0.431079445121585,37.9459669140709,89.6989560606055,"Waterfowl"
"130","Northern Rough-winged Swallow",0.0222545104855411,0.0335288971374686,0.0259811259354153,0.00500148760269511,0.0227462884874013,0.111290467445131,5.58397296257477,100.474637354486,"Martins and Swallows"
"131","Northern Shoveler",0.101419138933026,0.00238686639463098,0.0982700336902651,0.00636910715383149,0.0056577834552998,0.267371781995632,21.8718889390783,99.613526260681,"Waterfowl"
"132","Northern Waterthrush",0.161878193517272,0.0334159628872336,0.0843631843959248,0.0656460225302359,0.0225769323260326,0.366677434157379,3.67318769361659,128.670949002188,"Wood-Warblers"
"133","Olive-sided Flycatcher",0.0861864186827984,0.0106168042632062,0.0152177682757587,0.00962113212939596,0.0552060838197618,0.201895486387605,7.13870203762882,124.911902465705,"Tyrant Flycatchers: Pewees, Kingbirds, and Allies"
"134","Orange-crowned Warbler",0.12349900572853,0.0073145707472914,0.0216329025926966,0.0508559207041148,0.0278532695455158,0.335708446731617,8.14753499550676,119.883832471178,"Wood-Warblers"
"135","Orchard Oriole",0.0443845324523971,0.0174181366799588,0.00728653850957962,0.0287576786744702,0.0219338454586962,0.119673477025608,3.66419869645649,117.516283526513,"Blackbirds"
"136","Osprey",0.12392580960573,0.0115730175754294,0.0177916290792592,0.011899271902526,0.0509701977329271,0.197023251879459,3.15432364022639,96.6320643568039,"Vultures, Hawks, and Allies"
"137","Ovenbird",0.296532820558805,0.0131222650618663,0.012036572679578,0.0704060137692105,0.0120670016434975,0.422475487565573,4.02948440866228,123.771310182514,"Wood-Warblers"
"138","Pacific-slope Flycatcher",0.108431349274408,0.00531509076959063,0.0102956023775836,0.0155527642776131,0.0171756018328804,0.21988889135801,25.169461736105,113.732646474589,"Tyrant Flycatchers: Pewees, Kingbirds, and Allies"
"139","Painted Bunting",0.114988524451787,0.024017634557325,0,0.0092782451646036,0.0394746521243003,0.206104677902005,5.62184629575265,117.055136790198,"Cardinals, Grosbeaks, and Allies"
"140","Palm Warbler",0.30758391766842,0.0582841970020971,0.0923966782124906,0.0109260190819163,0.0145307425220026,0.535012210966457,6.25167467852228,117.189005449915,"Wood-Warblers"
"141","Pectoral Sandpiper",0.0626919291062903,0.00525605731112845,0.0276444520402409,0.0073166509232819,0.00611727911190605,0.121114126965805,16.6819281025567,93.6364655210187,"Shorebirds"
"142","Pied-billed Grebe",0.239836269807694,0.0139486294894706,0.0584990461532816,0.00458797614089358,0.00558073756541782,0.390279023542467,16.2381051017901,98.2160297449266,"Grebes"
"143","Pine Warbler",0.336464207138103,0.0189945647710737,0.189364424552294,0.0188696308176009,0.0237881438396784,0.624452935965346,10.1868876264962,106.433975400714,"Wood-Warblers"
"144","Plumbeous Vireo",0.0290368811327105,0.0103623511865562,0.0131306876461474,0.0304632622455549,0.0272225408013924,0.119803662209129,9.19336359278685,118.524353029494,"Vireos"
"145","Prairie Warbler",0.336654479794757,0.0112975672148609,0.0135463439616597,0.0323806507468711,0.0160646934817446,0.396824695541318,4.16377271285331,107.631974930887,"Wood-Warblers"
"146","Prothonotary Warbler",0.0385256692802581,0.0111978827872235,0.0188964754462373,0.0103013252065403,0.0540403776347524,0.137021164830855,8.50537073987178,103.465748606408,"Wood-Warblers"
"147","Purple Finch",0.00829256568808145,0.00189359135011093,0.0201743471988526,0.00305628249567616,0.00152516867082675,0.0434653005556251,74.263543131941,110.942396570847,"Finches, Euphonias, and Allies"
"148","Purple Martin",0.0131734640827399,0.00439329351133571,0.00690069726302486,0.0110425422336058,0.0384199837738087,0.0700121744506669,13.4545715601042,101.803692328587,"Martins and Swallows"
"149","Red-eyed Vireo",0.113148292172704,0.00724128078643641,0.0166629516108721,0.0155133723821464,0.0102342890812904,0.179208989494503,6.74450506439848,122.662025019798,"Vireos"
"150","Red-headed Woodpecker",0.0610645646378276,0.0166031193071426,0.0508286579607055,0.0184877312502812,0.0277139925183918,0.177391449568828,5.75811119407064,130.170160061707,"Woodpeckers"
"151","Red-necked Grebe",0.0761318684917543,0.0187288450424224,0.118374821091296,0.0103899241841821,0.0202338834400415,0.268030721248866,8.3270643467167,113.409014363485,"Grebes"
"152","Red-tailed Hawk",0.146014276672079,0.0124979396477367,0.0863298383335788,0.00951812680118343,0.0118122004902126,0.315185269719637,8.9713466216548,90.008150614201,"Vultures, Hawks, and Allies"
"153","Red-winged Blackbird",0.172694508091368,0.00310344050321515,0.118274385038863,0.00192374650983743,0.00183241948203107,0.390352937936662,46.2299741980587,97.2385680618209,"Blackbirds"
"154","Redhead",0.127180264374602,0.00257361275103154,0.200966861832386,0.00275017748786178,0.00229815619432649,0.444686875707402,45.6547714083652,96.5987345878947,"Waterfowl"
"155","Ring-billed Gull",0.415943616080346,0.00382669951822541,0.0150178877826868,0.0043094678833608,0.00315757218581687,0.480804915991777,23.7701870427797,87.1956662776976,"Gulls, Terns, and Skimmers"
"156","Ring-necked Duck",0.268138446525109,0.0113111937891497,0.105549160262371,0.00176549448105641,0.00520900869883181,0.505407782447588,33.646445991571,99.118736530912,"Waterfowl"
"157","Rose-breasted Grosbeak",0.310445501146203,0.00895631175966081,0.0201735536337104,0.0507467179973268,0.0173671889841627,0.430381635562135,2.00284058554931,124.452810540525,"Cardinals, Grosbeaks, and Allies"
"158","Ruby-crowned Kinglet",0.213305309446297,0.00673057871155291,0.0522959523131271,0.0167802144432641,0.00703992490746127,0.36114575950714,17.391856021733,112.595975882034,"Kinglets"
"159","Ruby-throated Hummingbird",0.0830750300256196,0.0123706286321922,0.00439842436609282,0.10478020646154,0.034072565892931,0.256658156042736,7.13486157399076,121.881538327926,"Hummingbirds"
"160","Ruddy Duck",0.0447874095758183,0.0149396495894435,0.0820034314053375,0.0102249144132807,0.00671212561336377,0.209551666790764,15.3207716296693,99.3053548159606,"Waterfowl"
"161","Rufous Hummingbird",0.145714974453535,0.00682226842513846,0.0156823994124069,0.0588341180683938,0.00676230963920716,0.321486027545839,13.1200736372851,99.6002630123561,"Hummingbirds"
"162","Rusty Blackbird",0.217008771264121,0.0106196336693768,0.0196631422155379,0.0104934170854991,0.00900665073504358,0.247829919401716,11.9703177047055,110.578523530781,"Blackbirds"
"163","Sandhill Crane",0.279502884119341,0.00455225419311339,0.0775267945994988,0.00344649928712802,0.00539490050101911,0.441029520609922,15.6390861121872,87.7330216059138,"Cranes"
"164","Savannah Sparrow",0.0363430051833839,0.0073955024782414,0.00706263011895317,0.0130798863046425,0.00689105959864944,0.0755415789968383,9.87040962676628,118.098009177537,"New World Sparrows"
"165","Say's Phoebe",0.333775433854558,0.0173403314086427,0.0706993032650452,0.0126862902280333,0.0184757593752186,0.505972618816682,9.49135457032125,88.7262722259699,"Tyrant Flycatchers: Pewees, Kingbirds, and Allies"
"166","Scarlet Tanager",0.375096877338463,0.0073571532333736,0.00588284898205547,0.00394755638034242,0.012980627152482,0.40979341568125,5.09319410561533,123.519554953178,"Cardinals, Grosbeaks, and Allies"
"167","Scissor-tailed Flycatcher",0.0338323272984606,0.0105035052600992,0.00174991423813516,0.090921303398656,0.0216842227701422,0.155092074796923,9.24857631005231,96.428698663632,"Tyrant Flycatchers: Pewees, Kingbirds, and Allies"
"168","Semipalmated Plover",0.031717786979851,0.0119042261077873,0.082223947403624,0.0774434690437228,0.0166943110058091,0.246202007564349,4.13352341707892,125.274137313913,"Shorebirds"
"169","Semipalmated Sandpiper",0.0283182169954829,0.00933176769524591,0.0335155931228371,0.00735940925337807,0.0228990034496415,0.0974487843497701,7.48707185203819,119.319940052794,"Shorebirds"
"170","Short-billed Dowitcher",0.183071349257081,0.0255204181220741,0.0599938670150824,0.0305878188429099,0.0540024673590508,0.34280662003966,3.36440669333711,121.934592949317,"Shorebirds"
"171","Snow Goose",0.324519808209412,0.0036678329554226,0.0762685709804319,0.00587586821511573,0.00263811962496237,0.50559745956739,34.3202538008504,92.6896357507852,"Waterfowl"
"172","Snowy Egret",0.0428146015592379,0.0102440175901677,0.0274713697717216,0.027194700109355,0.023144891616836,0.12005198029624,7.20249084716897,104.296948952394,"Herons, Ibis, and Allies"
"173","Solitary Sandpiper",0.190367828108628,0.0134601920509028,0.0717820008608104,0.0569297035608325,0.035644423149189,0.352976420169495,3.49426341991286,118.377195487649,"Shorebirds"
"174","Song Sparrow",0.148825878428771,0.00397102506732379,0.181643898228501,0.00420690889065606,0.0027743561917806,0.466640816520136,43.7659996056147,102.944476430821,"New World Sparrows"
"175","Sora",0.122639445677247,0.0109556162042302,0.178712508140241,0.00791753613704601,0.00929904117989763,0.34416789998733,9.07663205832364,118.654203381974,"Rails, Gallinules, and Allies"
"176","Spotted Sandpiper",0.0576444873534409,0.0523219690707489,0.0106314376751205,0.003381795173842,0.0132297310003589,0.144891180830908,3.77039609995409,122.340983145622,"Shorebirds"
"177","Summer Tanager",0.0267517408672044,0.0177899107825361,0.00610578818335838,0.030764383876731,0.0816369299048951,0.1527316204996,3.33746552683368,111.946809533054,"Cardinals, Grosbeaks, and Allies"
"178","Swainson's Hawk",0.0255641569841859,0.0201848259218701,0.0864103726138522,0.00730202704296972,0.00861771667283795,0.164927384928726,8.18802281236758,99.8430260797581,"Vultures, Hawks, and Allies"
"179","Swainson's Thrush",0.105623625222146,0.00622072021170516,0.00701833286394346,0.00422070340243517,0.00721469580409582,0.129101758513489,8.22991557955554,134.192263523472,"Thrushes"
"180","Swainson's Warbler",0.0390409376427752,0.00557191598175698,0,0.0106043178303288,0.0253201074475094,0.0811266949359649,14.07020974858,101.594165943021,"Wood-Warblers"
"181","Swallow-tailed Kite",0.130844097195423,0.00978864764385971,0.000547250512899583,0.016642014294867,0.02624773706124,0.19585024450422,10.304615227973,75.3252071168255,"Vultures, Hawks, and Allies"
"182","Swamp Sparrow",0.171939214351898,0.00945235114943564,0.0664603847720002,0.0143841367334315,0.0077094865032694,0.287245443937959,10.4416551925596,117.225375697333,"New World Sparrows"
"183","Tennessee Warbler",0.269231178632466,0.00893237153420995,0.0630558528444324,0.0157979860252872,0.00655806565629532,0.408918231285697,7.93973802605397,135.759599944893,"Wood-Warblers"
"184","Tree Swallow",0.180062505298251,0.00829032552243153,0.0702245966783709,0.0035959012338567,0.00829137462003776,0.323912077174883,12.5761012058397,102.710013066122,"Martins and Swallows"
"185","Trumpeter Swan",0.168812171770711,0.00244481126795591,0.0271293511926458,0.00356199537189701,0.00289610152609105,0.255641491753809,46.0312513851311,86.8672466940191,"Waterfowl"
"186","Turkey Vulture",0.0227425238270025,0.00924151833650008,0.0214724891317292,0.0074213970931051,0.0190277615238162,0.0927232195759444,7.2265828716764,89.1473865116653,"Vultures, Hawks, and Allies"
"187","Vaux's Swift",0.0662962320619969,0.0155193067640125,0.01678895060428,0.022236957401939,0.0314833556851217,0.106741443286937,6.66461145922332,117.498560809988,"Swifts"
"188","Veery",0.130269304508586,0.0116044076117744,0.0219210042702324,0.0294174080140537,0.00910570800684454,0.205144969056407,5.31950379779845,132.273297488007,"Thrushes"
"189","Vesper Sparrow",0.187085752909728,0.0170701057786173,0.0179974110091912,0.0115924721828814,0.0210402073599485,0.271536081756472,7.4147522025535,108.2343968127,"New World Sparrows"
"190","Violet-green Swallow",0.0257138877186808,0.00301126496063513,0.00519561076381726,0.00335719519839862,0.00537943521976024,0.0441184564924407,25.6847969808847,100.940363579106,"Martins and Swallows"
"191","Virginia Rail",0.0560928572566537,0.0120538375682316,0.12136702010909,0.0211868388057584,0.0183165444325706,0.230043922949566,9.3088615823248,111.561214816169,"Rails, Gallinules, and Allies"
"192","Warbling Vireo",0.158512394629704,0.00354720979177197,0.0163990822696798,0.0105820153656708,0.010234607413015,0.207751501375987,7.01006224279851,124.946821132602,"Vireos"
"193","Western Grebe",0.0582480360740899,0.00860261450259726,0.0159563915148138,0.00878182190587121,0.0072780309612714,0.0915731758109899,12.5696491460395,107.80183172291,"Grebes"
"194","Western Kingbird",0.0625615046799366,0.0164401336353341,0.00658044262656867,0.00390716131067381,0.0234685350806979,0.133404666728493,6.07941714177786,112.373523397509,"Tyrant Flycatchers: Pewees, Kingbirds, and Allies"
"195","Western Meadowlark",0.207201502265377,0.00276313815073987,0.0241415797803198,0.00722922103253218,0.00405053026355781,0.299325117888451,29.7909285639964,90.9004959949698,"Blackbirds"
"196","Western Sandpiper",0.143048492342372,0.0135404484170489,0.0365425373091173,0.0183619377799635,0.0260725309899796,0.235085672411278,4.99228606343829,111.561953157465,"Shorebirds"
"197","Western Tanager",0.0551839805703534,0.0274248637508164,0.00909877209058118,0.00982436258042453,0.0441638283342666,0.168560643854531,6.52969346680865,127.462548606359,"Cardinals, Grosbeaks, and Allies"
"198","Western Wood-Pewee",0.012773830838618,0.012262430211215,0.00749723070148173,0.0368198070827344,0.0473035728176443,0.116508927016692,7.83610445006226,133.495966199063,"Tyrant Flycatchers: Pewees, Kingbirds, and Allies"
"199","Whimbrel",0.0650309660352211,0.0516121290220996,0.0367698280549875,0.0406255915284636,0.0472971816042372,0.230069459616207,3.50669610731623,107.535208685022,"Shorebirds"
"200","White-crowned Sparrow",0.136303410960473,0.0219522114143718,0.0257160109081424,0.0260966641538817,0.0163125503156359,0.231491883714808,5.8396918664212,118.242213272699,"New World Sparrows"
"201","White-eyed Vireo",0.118075641832012,0.00872208488943579,0.0182523894576532,0.0148643753385329,0.052363697379103,0.203036500207323,5.17000110656531,102.207173839406,"Vireos"
"202","White-faced Ibis",0.0331471454955315,0.00753270416454325,0.0125464173114805,0.00655597779012269,0.00846161994747159,0.0676770704437246,9.0837029748531,104.879488301566,"Herons, Ibis, and Allies"
"203","White-throated Sparrow",0.0491057229543173,0.00761521642562733,0.0132964682841312,0.0071213556620229,0.0124379283549943,0.0817132644905351,16.1231263342542,123.237730010984,"New World Sparrows"
"204","White-throated Swift",0.0806573364428573,0.00632923192188604,0.0715889506469755,0.0101858092532469,0.0103431009332198,0.180018424057732,15.0304725558199,98.0466110015961,"Swifts"
"205","Willet",0.0522827205871412,0.0241269731640574,0.0588046803334913,0.0342105961722102,0.0294033882020545,0.183465063399888,2.48164130971584,112.397455411119,"Shorebirds"
"206","Willow Flycatcher",0.277694514649039,0.0174560632204616,0.00983351641720439,0.0185292526064349,0.0129063750962621,0.321217482953513,3.50263829347051,142.042215260816,"Tyrant Flycatchers: Pewees, Kingbirds, and Allies"
"207","Wilson's Phalarope",0.091481072137004,0.00823645306686972,0.00838646186343033,0.0771872663070458,0.017014506491688,0.178237994468543,7.295502289357,117.557313389907,"Shorebirds"
"208","Wilson's Snipe",0.223507334789865,0.00952436604532844,0.105109903511187,0.0218486637161164,0.00554132821830962,0.436550298884511,15.9999413659076,108.188402327544,"Shorebirds"
"209","Wilson's Warbler",0.147794219171439,0.00726148728155368,0.00643894040193343,0.00467089577428401,0.0304967818092612,0.243553777750724,7.4673130242868,124.033625589765,"Wood-Warblers"
"210","Winter Wren",0.0863061526346967,0.00308787899150424,0.0823328207469688,0.00747765143076164,0.00423224263949685,0.20726656155757,32.0617864623042,115.21438140683,"Wrens"
"211","Wood Duck",0.299105132190325,0.00469190908490511,0.0396701991814507,0.0060027755188745,0.00445920241306878,0.405331488777537,18.2217669628267,89.4669601946763,"Waterfowl"
"212","Wood Thrush",0.364925234493422,0.0132037291413919,0.0118392170894909,0.0243840043339286,0.0143319581965696,0.438031943774884,2.93512167152297,117.576038905653,"Thrushes"
"213","Worm-eating Warbler",0.0583873193887633,0.0233497138221957,0.0120477014280847,0.0194358320277488,0.0124453992183182,0.125122809489395,7.08576091126189,107.479352081233,"Wood-Warblers"
"214","Yellow Warbler",0.164230940859067,0.00477482200720287,0.00998863326821852,0.0205561771753696,0.00841733554413293,0.216568007176517,4.20976841933631,126.473030174139,"Wood-Warblers"
"215","Yellow-bellied Flycatcher",0.158916318496998,0.0149689004918679,0.028564296296375,0.146036863872189,0.0268172932942484,0.335594569411406,4.58645589504335,147.844919747978,"Tyrant Flycatchers: Pewees, Kingbirds, and Allies"
"216","Yellow-bellied Sapsucker",0.253265073343568,0.00684225093574775,0.0361894746365682,0.0211390668866647,0.00739729487636861,0.363996530949674,9.26515879689841,107.220884650803,"Woodpeckers"
"217","Yellow-billed Cuckoo",0.0114799570284818,0.00243127274376947,0.00124215796257537,0.0400878277819855,0.0141703517022246,0.0599493759609943,16.3442932320396,127.456679555531,"Cuckoos"
"218","Yellow-breasted Chat",0.0280302931828187,0.0133850607854714,0.0155827534179567,0.0309469770657879,0.0510424218369687,0.14190703950744,7.80060342916902,120.474110277915,"Yellow-breasted Chat"
"219","Yellow-headed Blackbird",0.0411808284920536,0.0250033126297185,0.0252665501232998,0.00511153669248771,0.00886341390889652,0.122886791556765,10.9192251795167,109.89792531327,"Blackbirds"
"220","Yellow-rumped Warbler",0.155613178697434,0.00796199773595095,0.0451970470146414,0.00195287437356246,0.00549636019613552,0.25752272066337,11.6018271805488,118.466736140237,"Wood-Warblers"
"221","Yellow-throated Vireo",0.165088822009946,0.0125113177440638,0.00599512564094222,0.0241996512581225,0.0104153775999474,0.216444903327744,4.98319109285755,108.396634013411,"Vireos"
"222","Yellow-throated Warbler",0.390130100766095,0.0383632353219982,0.0220993844105043,0.03344609549154,0.0349095740021617,0.505570733220233,7.55676569280755,89.9076916316303,"Wood-Warblers"
